{"v":"5.1.20","fr":30,"ip":0,"op":150,"w":300,"h":300,"nm":"Comp 2","ddd":0,"assets":[],"layers":[{"ddd":0,"ind":1,"ty":4,"nm":"Shape Layer 1","sr":1,"ks":{"o":{"a":0,"k":100,"ix":11},"r":{"a":0,"k":0,"ix":10},"p":{"a":0,"k":[150,149.5,0],"ix":2},"a":{"a":0,"k":[2,-8,0],"ix":1},"s":{"a":0,"k":[100,100,100],"ix":6}},"ao":0,"shapes":[{"ty":"gr","it":[{"d":1,"ty":"el","s":{"a":0,"k":[164,164],"ix":2},"p":{"a":0,"k":[0,0],"ix":3},"nm":"Ellipse Path 1","mn":"ADBE Vector Shape - Ellipse","hd":false},{"ty":"st","c":{"a":0,"k":[0.945,0.945,0.945,1],"ix":3},"o":{"a":0,"k":100,"ix":4},"w":{"a":0,"k":15,"ix":5},"lc":2,"lj":1,"ml":4,"nm":"Stroke 1","mn":"ADBE Vector Graphic - Stroke","hd":false},{"ty":"tr","p":{"a":0,"k":[2,-8],"ix":2},"a":{"a":0,"k":[0,0],"ix":1},"s":{"a":0,"k":[112.45,112.45],"ix":3},"r":{"a":0,"k":0,"ix":6},"o":{"a":0,"k":100,"ix":7},"sk":{"a":0,"k":0,"ix":4},"sa":{"a":0,"k":0,"ix":5},"nm":"Transform"}],"nm":"Ellipse 1","np":3,"cix":2,"ix":1,"mn":"ADBE Vector Group","hd":false},{"ty":"tm","s":{"a":1,"k":[{"i":{"x":[0.49],"y":[1]},"o":{"x":[0.51],"y":[0]},"n":["0p49_1_0p51_0"],"t":120,"s":[0],"e":[100]},{"t":150}],"ix":1},"e":{"a":1,"k":[{"i":{"x":[0.55],"y":[1]},"o":{"x":[0.45],"y":[0]},"n":["0p55_1_0p45_0"],"t":0,"s":[0],"e":[100]},{"t":37}],"ix":2},"o":{"a":1,"k":[{"i":{"x":[0.55],"y":[1]},"o":{"x":[0.45],"y":[0]},"n":["0p55_1_0p45_0"],"t":0,"s":[0],"e":[222]},{"i":{"x":[0.49],"y":[1]},"o":{"x":[0.167],"y":[0]},"n":["0p49_1_0p167_0"],"t":37,"s":[222],"e":[222]},{"i":{"x":[0.49],"y":[1]},"o":{"x":[0.51],"y":[0]},"n":["0p49_1_0p51_0"],"t":120,"s":[222],"e":[444]},{"t":150}],"ix":3},"m":1,"ix":2,"nm":"Trim Paths 1","mn":"ADBE Vector Filter - Trim","hd":false}],"ip":0,"op":2092,"st":0,"bm":0},{"ddd":0,"ind":2,"ty":4,"nm":"Shape Layer 2","parent":3,"sr":1,"ks":{"o":{"a":0,"k":100,"ix":11},"r":{"a":0,"k":0,"ix":10},"p":{"a":1,"k":[{"i":{"x":0.49,"y":1},"o":{"x":0.51,"y":0},"n":"0p49_1_0p51_0","t":34,"s":[26.25,-120.668,0],"e":[26.25,-139.668,0],"to":[0,-3.16666674613953,0],"ti":[0,3.16666674613953,0]},{"i":{"x":0.49,"y":0.49},"o":{"x":0.167,"y":0.167},"n":"0p49_0p49_0p167_0p167","t":54,"s":[26.25,-139.668,0],"e":[26.25,-139.668,0],"to":[0,0,0],"ti":[0,0,0]},{"i":{"x":0.833,"y":1},"o":{"x":0.167,"y":0},"n":"0p833_1_0p167_0","t":112,"s":[26.25,-139.668,0],"e":[26.25,-120.668,0],"to":[0,3.16666674613953,0],"ti":[0,-3.16666674613953,0]},{"t":132}],"ix":2},"a":{"a":0,"k":[-0.75,-33.25,0],"ix":1},"s":{"a":0,"k":[106,106,100],"ix":6}},"ao":0,"shapes":[{"ty":"gr","it":[{"d":1,"ty":"el","s":{"a":0,"k":[68.5,68.5],"ix":2},"p":{"a":0,"k":[0,0],"ix":3},"nm":"Ellipse Path 1","mn":"ADBE Vector Shape - Ellipse","hd":false},{"ty":"fl","c":{"a":0,"k":[0.945,0.945,0.945,1],"ix":4},"o":{"a":0,"k":100,"ix":5},"r":1,"nm":"Fill 1","mn":"ADBE Vector Graphic - Fill","hd":false},{"ty":"tr","p":{"a":0,"k":[-0.75,-33.25],"ix":2},"a":{"a":0,"k":[0,0],"ix":1},"s":{"a":0,"k":[100,100],"ix":3},"r":{"a":0,"k":0,"ix":6},"o":{"a":0,"k":100,"ix":7},"sk":{"a":0,"k":0,"ix":4},"sa":{"a":0,"k":0,"ix":5},"nm":"Transform"}],"nm":"Ellipse 1","np":3,"cix":2,"ix":1,"mn":"ADBE Vector Group","hd":false}],"ip":0,"op":2092,"st":0,"bm":0},{"ddd":0,"ind":3,"ty":4,"nm":"Shape Layer 3","sr":1,"ks":{"o":{"a":0,"k":100,"ix":11},"r":{"a":0,"k":0,"ix":10},"p":{"a":1,"k":[{"i":{"x":0.49,"y":1},"o":{"x":0.51,"y":0},"n":"0p49_1_0p51_0","t":28,"s":[150,245.165,0],"e":[150,210.165,0],"to":[0,-5.83333349227905,0],"ti":[0,5.83333349227905,0]},{"i":{"x":0.49,"y":0.49},"o":{"x":0.51,"y":0.51},"n":"0p49_0p49_0p51_0p51","t":48,"s":[150,210.165,0],"e":[150,210.165,0],"to":[0,0,0],"ti":[0,0,0]},{"i":{"x":0.49,"y":1},"o":{"x":0.51,"y":0},"n":"0p49_1_0p51_0","t":116,"s":[150,210.165,0],"e":[150,245.165,0],"to":[0,5.83333349227905,0],"ti":[0,-5.83333349227905,0]},{"t":136}],"ix":2},"a":{"a":0,"k":[26.25,-5.43,0],"ix":1},"s":{"a":1,"k":[{"i":{"x":[0.49,0.49,0.49],"y":[1,1,1]},"o":{"x":[0.51,0.51,0.51],"y":[0,0,0]},"n":["0p49_1_0p51_0","0p49_1_0p51_0","0p49_1_0p51_0"],"t":28,"s":[0,0,100],"e":[66.795,66.795,100]},{"i":{"x":[0.49,0.49,0.49],"y":[1,1,1]},"o":{"x":[0.51,0.51,0.51],"y":[0,0,0]},"n":["0p49_1_0p51_0","0p49_1_0p51_0","0p49_1_0p51_0"],"t":48,"s":[66.795,66.795,100],"e":[66.795,66.795,100]},{"i":{"x":[0.49,0.49,0.49],"y":[1,1,1]},"o":{"x":[0.51,0.51,0.51],"y":[0,0,0]},"n":["0p49_1_0p51_0","0p49_1_0p51_0","0p49_1_0p51_0"],"t":116,"s":[66.795,66.795,100],"e":[0,0,100]},{"t":136}],"ix":6}},"ao":0,"shapes":[{"ty":"gr","it":[{"ind":0,"ty":"sh","ix":1,"ks":{"a":0,"k":{"i":[[-35.76,0],[0,-35.76],[0,35.76]],"o":[[35.76,0],[0,35.76],[0,-35.76]],"v":[[0,-64.75],[64.75,0],[-64.75,0]],"c":true},"ix":2},"nm":"Path 1","mn":"ADBE Vector Shape - Group","hd":false},{"ty":"fl","c":{"a":0,"k":[0.945,0.945,0.945,1],"ix":4},"o":{"a":0,"k":100,"ix":5},"r":1,"nm":"Fill 1","mn":"ADBE Vector Graphic - Fill","hd":false},{"ty":"tr","p":{"a":0,"k":[26.25,-32.25],"ix":2},"a":{"a":0,"k":[0,0],"ix":1},"s":{"a":0,"k":[100,100],"ix":3},"r":{"a":0,"k":0,"ix":6},"o":{"a":0,"k":100,"ix":7},"sk":{"a":0,"k":0,"ix":4},"sa":{"a":0,"k":0,"ix":5},"nm":"Transform"}],"nm":"Ellipse 1","np":3,"cix":2,"ix":1,"mn":"ADBE Vector Group","hd":false}],"ip":0,"op":2092,"st":0,"bm":0}],"markers":[]}